Item,Value(Gold Drakes)
Practical Fresh Computer,126.37
Generic Steel Cheese,103.31
Small Plastic Salad,74.8
Modern Bronze Sausages,472.93
Gorgeous Fresh Soap,760.08
Gorgeous Steel Keyboard,576.18
Modern Plastic Shirt,228.39
Generic Plastic Ball,482.84
Intelligent Plastic Fish,300.57
Luxurious Bronze Pizza,117.74
Intelligent Frozen Chips,482.35
Generic Cotton Shoes,252.89
Generic Granite Chair,762.25
Handcrafted Frozen Sausages,780.25
Practical Soft Soap,745.25
Awesome Steel Chicken,764.38
Modern Rubber Keyboard,764.67
Sleek Cotton Towels,551.58
Refined Metal Tuna,491.33
Small Metal Mouse,264.27
Sleek Fresh Soap,841.61
Modern Granite Keyboard,214.51
Ergonomic Rubber Computer,579.41