Item,Value(Gold Drakes)
Electronic Bronze Towels,143.85
Generic Concrete Fish,183.26
Sleek Cotton Cheese,335.54
Generic Steel Ball,793.22
Handmade Metal Chicken,565.68
Ergonomic Plastic Shoes,661.82
Ergonomic Concrete Chips,284.69
Bespoke Fresh Soap,720.25
Gorgeous Concrete Bacon,981.22
Practical Frozen Fish,402.3
Small Cotton Pants,799.92
Ergonomic Frozen Salad,875.56
Bespoke Steel Bacon,167.88
Unbranded Plastic Bike,416.41
Generic Rubber Bacon,186.04
Fantastic Bronze Hat,240.15
Practical Frozen Hat,789.6
Recycled Rubber Bacon,612.1
Handcrafted Bronze Pizza,322.42
Intelligent Fresh Sausages,286.53
Ergonomic Soft Shoes,711.17
Awesome Bronze Shoes,488.36
Refined Rubber Computer,930.29
Unbranded Steel Gloves,254.7
Incredible Fresh Cheese,432.47
Oriental Frozen Bike,726.98
Fantastic Cotton Chicken,206.67