Item,Value(Gold Drakes)
Bespoke Rubber Pizza,80.57
Rustic Rubber Fish,82.01
Incredible Plastic Pizza,793.85
Electronic Steel Chair,415.92
Incredible Steel Ball,668.33
Ergonomic Steel Hat,285.51
Modern Granite Computer,538.33
Rustic Plastic Mouse,931.17
Bespoke Concrete Mouse,6.11
Electronic Wooden Tuna,584.17
Luxurious Steel Car,46.61
Handcrafted Plastic Pizza,845.36
Modern Rubber Pants,198.5
Refined Rubber Fish,626.07
Intelligent Bronze Chicken,258.8
Fantastic Cotton Soap,979.03
Rustic Wooden Computer,184.19
Small Bronze Hat,114.65
Luxurious Fresh Soap,320.66
Fantastic Metal Hat,791.66
Practical Plastic Keyboard,98.08
Ergonomic Granite Chair,567.83
Oriental Granite Bike,749
Intelligent Concrete Chips,636.73