Item,Value(Gold Drakes)
Modern Plastic Hat,908.48
Sleek Rubber Car,559.15
Unbranded Plastic Bacon,10.12
Fantastic Plastic Mouse,830.45
Bespoke Frozen Chips,282.22
Luxurious Steel Bike,599.1
Oriental Rubber Computer,656.52
Luxurious Rubber Ball,936.69
Awesome Frozen Salad,376.29
Recycled Fresh Pizza,208.22
Handcrafted Bronze Fish,894.87
Electronic Fresh Pants,389.72
Ergonomic Concrete Table,329.09
Oriental Steel Sausages,326.82
Tasty Rubber Keyboard,767.17
Awesome Frozen Cheese,419.82
Elegant Concrete Ball,651.03
Electronic Metal Shirt,539.13
Awesome Bronze Car,346.34
Licensed Metal Towels,212.59
Awesome Metal Ball,890.84
Unbranded Steel Cheese,783.38