Item,Value(Gold Drakes)
Licensed Bronze Shirt,906.09
Incredible Concrete Pizza,38.49
Generic Rubber Pizza,406.33
Refined Cotton Tuna,67.13
Electronic Wooden Chair,673.99
Ergonomic Bronze Shoes,864.36
Handmade Fresh Sausages,829.61
Generic Concrete Hat,870.95
Small Fresh Bacon,353.98
Recycled Bronze Shirt,484.97
Incredible Fresh Shirt,305.24
Practical Cotton Pants,220.55
Refined Plastic Sausages,564.93
Fantastic Cotton Towels,583.96
Handcrafted Granite Fish,87.14
Awesome Frozen Car,37.63
Modern Granite Bacon,926.06
Generic Concrete Cheese,364.69
Tasty Concrete Soap,593.3
Awesome Rubber Pizza,703.84
Ergonomic Wooden Chicken,694.08