Item,Value(Gold Drakes)
Sleek Plastic Computer,398.03
Handcrafted Fresh Chair,952.01
Modern Metal Hat,132.96
Generic Steel Pants,817.3
Awesome Fresh Mouse,833.05
Fantastic Granite Table,662.08
Modern Soft Soap,379.37
Generic Rubber Bacon,677.07
Sleek Plastic Mouse,632.57
Ergonomic Cotton Gloves,645.96
Elegant Metal Chicken,663.02
Unbranded Granite Hat,584.06
Recycled Rubber Ball,595.22
Ergonomic Cotton Ball,452.02
Awesome Fresh Salad,440.36
Intelligent Granite Mouse,148.92
Ergonomic Cotton Fish,603.38
Elegant Wooden Table,512.96
Handmade Bronze Chips,917.53
Practical Cotton Chair,856.96
Fantastic Frozen Salad,636.67
Intelligent Rubber Soap,305.62
Unbranded Soft Ball,871.63
Fantastic Concrete Gloves,584.46