Item,Value(Gold Drakes)
Unbranded Wooden Ball,174.61
Licensed Cotton Shoes,355.89
Gorgeous Metal Chips,203.87
Elegant Rubber Shirt,86.92
Fantastic Fresh Chair,540.99
Tasty Fresh Gloves,651.34
Generic Cotton Gloves,3.68
Recycled Frozen Shoes,103.19
Awesome Metal Shoes,260.8
Handcrafted Plastic Tuna,822.37
Electronic Concrete Soap,194.32
Elegant Wooden Bacon,62.65
Elegant Cotton Keyboard,868.81
Gorgeous Granite Bike,466.84
Refined Plastic Car,562.38
Electronic Plastic Soap,190.46
Handmade Plastic Mouse,701.99
Bespoke Fresh Chips,856.55
Electronic Frozen Pants,819.37
Sleek Granite Mouse,547.83
Licensed Soft Fish,928.49
Tasty Bronze Car,902.86
Ergonomic Steel Fish,307.43
Incredible Granite Pants,346.61
Incredible Concrete Chair,900.41