Item,Value(Gold Drakes)
Unbranded Plastic Mouse,488.23
Incredible Rubber Chair,602.19
Practical Steel Keyboard,240.26
Handmade Granite Towels,285.24
Recycled Rubber Car,269.83
Generic Bronze Chair,850.03
Unbranded Concrete Bacon,4.93
Refined Plastic Soap,328.45
Recycled Bronze Bike,308.82
Elegant Concrete Salad,363.8
Tasty Bronze Keyboard,814.72
Unbranded Wooden Soap,69.99
Handmade Plastic Chair,656.35
Recycled Metal Cheese,751.95
Unbranded Bronze Fish,291.03
Elegant Concrete Towels,905.24
Oriental Steel Car,897.53
Handmade Frozen Mouse,470.41
Ergonomic Metal Chips,466.88
Unbranded Bronze Soap,709.74
Refined Granite Car,397.73
Gorgeous Rubber Mouse,124.89
Oriental Plastic Sausages,180.86
Elegant Rubber Gloves,406.4
Recycled Concrete Keyboard,814.83
Ergonomic Frozen Cheese,983.13
Unbranded Fresh Chair,442.15
Recycled Concrete Shirt,35.98