Item,Value(Gold Drakes)
Incredible Soft Pizza,334.07
Sleek Frozen Pizza,67.34
Awesome Fresh Bacon,640.51
Gorgeous Steel Shirt,772.29
Recycled Bronze Table,617
Incredible Bronze Salad,613.61
Tasty Soft Shoes,102.47
Bespoke Concrete Salad,889.89
Generic Cotton Chair,624.38
Recycled Steel Bike,609.79
Practical Frozen Mouse,916.78
Refined Steel Cheese,302.12
Sleek Soft Pizza,116.11
Tasty Concrete Chips,69.77
Practical Bronze Pants,178.07
Unbranded Cotton Shirt,564.99
Handcrafted Wooden Computer,942.11
Refined Plastic Table,73.69
Intelligent Fresh Hat,387.66
Unbranded Rubber Pants,515.66
Ergonomic Wooden Bacon,144.62
Elegant Steel Keyboard,490.58