Item,Value(Gold Drakes)
Awesome Metal Pants,410.47
Electronic Rubber Sausages,154.2
Electronic Steel Bike,502.03
Practical Metal Table,430.35
Sleek Metal Towels,213.54
Fantastic Bronze Pants,57.67
Small Soft Salad,837.54
Generic Granite Fish,238.11
Elegant Plastic Chicken,553.49
Intelligent Frozen Soap,406.15
Elegant Cotton Tuna,288.48
Electronic Plastic Table,357.73
Handmade Plastic Cheese,142.7
Licensed Plastic Keyboard,865.4
Handcrafted Fresh Car,307.15
Rustic Metal Soap,825.58
Modern Cotton Cheese,239.97
Licensed Frozen Table,818.06
Bespoke Bronze Keyboard,550.95
Tasty Frozen Tuna,309.18
Small Fresh Mouse,751.61
Gorgeous Steel Gloves,718.01
Oriental Granite Mouse,495.53
Small Steel Salad,791.97
Handcrafted Fresh Ball,607.8
Bespoke Steel Chair,372.31
Refined Soft Shirt,261.12
Fantastic Wooden Computer,894.41