Item,Value(Gold Drakes)
Intelligent Plastic Fish,627.5
Modern Cotton Chicken,427.71
Small Plastic Ball,102.88
Recycled Granite Mouse,565.66
Oriental Cotton Chicken,642.98
Modern Metal Soap,867.16
Small Bronze Gloves,706.59
Unbranded Granite Mouse,388.39
Licensed Concrete Cheese,349.73
Unbranded Bronze Sausages,882.44
Sleek Bronze Tuna,481.09
Intelligent Rubber Chips,525.81
Intelligent Concrete Gloves,826.59
Awesome Wooden Pants,530.77
Practical Steel Ball,398.4
Refined Fresh Gloves,658.78
Luxurious Fresh Salad,445.55
Awesome Metal Mouse,584.88
Electronic Bronze Bike,511
Licensed Concrete Chair,560.78
Unbranded Cotton Keyboard,407.64