Item,Value(Gold Drakes)
Refined Granite Bacon,416.36
Sleek Soft Cheese,826.03
Gorgeous Soft Chips,422.14
Fantastic Steel Shoes,531.09
Luxurious Metal Cheese,841.65
Incredible Steel Shoes,814.1
Small Rubber Chicken,50.74
Tasty Fresh Chair,567.79
Elegant Soft Chicken,705.88
Handcrafted Cotton Fish,645.25
Handmade Concrete Gloves,46.83
Gorgeous Soft Car,858.53
Recycled Steel Sausages,864.15
Small Wooden Computer,316.39
Electronic Metal Gloves,551.37
Handcrafted Rubber Chicken,774.92
Luxurious Wooden Bike,542.8
Gorgeous Granite Soap,716.55
Unbranded Wooden Chicken,908.82
Licensed Fresh Cheese,641.49
Recycled Plastic Hat,860.44