{"Sincere":"A reprehenderit corporis cum rem.","Erich":"Facere enim maxime quae saepe.","Geraldine":"Facere harum rem modi odio laboriosam autem.","Leora":"Aperiam laboriosam quam aut eaque.","Katrina":"Eaque debitis suscipit expedita reprehenderit eum.","Paige":"Minima quae tenetur ullam ut aspernatur nobis praesentium numquam quas.","Columbus":"Nemo aliquid maxime esse quo ex.","Gilda":"Quae quod placeat possimus neque quae voluptas.","Sadye":"Quibusdam perspiciatis consequatur.","Cyril":"Maiores inventore excepturi.","Maryse":"Laudantium quis nihil tempore consectetur.","Sigmund":"Delectus eaque atque distinctio sed facilis fugit.","Ashtyn":"Officiis voluptas quisquam voluptas dolores veritatis magni.","Era":"Iure libero praesentium possimus quas sit eos assumenda quis.","Nat":"Dolores velit voluptates aspernatur neque nulla impedit nulla.","Nathaniel":"Voluptas quo repudiandae doloremque iure recusandae voluptatibus necessitatibus assumenda.","Georgianna":"Provident cupiditate accusamus autem.","Dustin":"Omnis rem eum iure placeat sequi beatae inventore hic repudiandae.","Destiny":"Libero doloribus tenetur minima laudantium accusamus impedit soluta quidem.","Bernita":"Sed nam vitae minima sunt commodi ipsum alias excepturi eaque.","Jesse":"Soluta fuga dolores perferendis ut quasi quas numquam nobis.","Rocky":"Doloremque eveniet magnam."}