{ "Celine": "Totam unde omnis.", "Gene": "Veritatis mollitia cumque error nisi corrupti accusamus quaerat.", "Claire": "Iusto reprehenderit tempore et repellat odio.", "Evan": "Vitae veritatis soluta cum excepturi vero explicabo eveniet repellendus.", "Tina": "Voluptatum alias debitis quam reiciendis nobis temporibus sit impedit ab.", "Clara": "Nam nemo ratione ab esse libero quos ratione.", "Enid": "Ullam praesentium dolores eligendi iusto ipsam ullam.", "Mallie": "Exercitationem magni possimus similique iste reprehenderit blanditiis quibusdam suscipit.", "Madelynn": "Consequuntur eligendi neque quisquam laudantium nam.", "Tomas": "Minus nam magnam quisquam suscipit.", "Horacio": "Vel neque doloremque nobis in eaque nesciunt recusandae nam.", "Abigayle": "Totam rerum beatae.", "Pasquale": "Dolore minima fugit ducimus hic.", "Lee": "Corrupti ullam quam.", "Evalyn": "Iste voluptatem fuga praesentium ducimus quam.", "Jackeline": "Repellendus recusandae distinctio accusantium.", "Clare": "Ducimus tenetur voluptate natus maxime.", "April": "Culpa eveniet doloremque labore dolor doloremque.", "Garfield": "Dolorem nihil molestiae consectetur doloremque ad rerum mollitia.", "Demarco": "Reprehenderit et aspernatur praesentium cupiditate ex expedita necessitatibus.", "Geovany": "Vel pariatur dolorem veritatis sequi sed dolor animi sed odio." }
