[
    {
        "quart": 1039604311,
        "lock": 8653335546,
        "credibility": 8343469815,
        "schema": 5150515360,
        "marriage": 2370816464,
        "map": 81653671,
        "cycle": 8594411714
    },
    {
        "quart": 5369984673,
        "lock": 4291718197,
        "credibility": 4792576169,
        "schema": 1680153873,
        "marriage": 8564731800,
        "map": 8787002864,
        "cycle": 4724615016
    },
    {
        "quart": 676387196,
        "lock": 1779145000,
        "credibility": 2489291234,
        "schema": 3888990811,
        "marriage": 9345424739,
        "map": 4053727849,
        "cycle": 3361483344
    },
    {
        "quart": 9442836992,
        "lock": 8964372850,
        "credibility": 4788456506,
        "schema": 8807973983,
        "marriage": 1216206448,
        "map": 3829925035,
        "cycle": 1821824026
    },
    {
        "quart": 9540794897,
        "lock": 1119965033,
        "credibility": 5390855551,
        "schema": 4529289766,
        "marriage": 8754517639,
        "map": 1975784967,
        "cycle": 6881914349
    },
    {
        "quart": 4648842583,
        "lock": 798011424,
        "credibility": 2520578420,
        "schema": 1468268579,
        "marriage": 251779838,
        "map": 9714798439,
        "cycle": 2463364661
    },
    {
        "quart": 3190156328,
        "lock": 5445006588,
        "credibility": 4029066085,
        "schema": 6787548922,
        "marriage": 9848444760,
        "map": 8419412459,
        "cycle": 4237616120
    },
    {
        "quart": 901567286,
        "lock": 1786181752,
        "credibility": 9533330051,
        "schema": 7125060039,
        "marriage": 1683134823,
        "map": 2017614005,
        "cycle": 2593120900
    },
    {
        "quart": 9494043722,
        "lock": 5239008521,
        "credibility": 6213261176,
        "schema": 9612035510,
        "marriage": 9864493444,
        "map": 4491359028,
        "cycle": 9499953231
    },
    {
        "quart": 8029064557,
        "lock": 1884160977,
        "credibility": 8357032908,
        "schema": 9177198408,
        "marriage": 8871324193,
        "map": 662458515,
        "cycle": 5318865306
    },
    {
        "quart": 2532655534,
        "lock": 7303841179,
        "credibility": 4752187321,
        "schema": 5016304082,
        "marriage": 7128802769,
        "map": 2055175611,
        "cycle": 930967303
    },
    {
        "quart": 4503606602,
        "lock": 9515241234,
        "credibility": 9691395024,
        "schema": 6080738695,
        "marriage": 6635343568,
        "map": 8962801292,
        "cycle": 9262313536
    },
    {
        "quart": 5849221652,
        "lock": 908210952,
        "credibility": 2571667679,
        "schema": 3039056605,
        "marriage": 6991301738,
        "map": 6399223632,
        "cycle": 593339740
    },
    {
        "quart": 9573446552,
        "lock": 928457786,
        "credibility": 2546388192,
        "schema": 8530920423,
        "marriage": 7591059564,
        "map": 8173838682,
        "cycle": 7710901208
    },
    {
        "quart": 7898123339,
        "lock": 3211074991,
        "credibility": 4667361665,
        "schema": 7927372274,
        "marriage": 8331517319,
        "map": 3580765370,
        "cycle": 4009010084
    },
    {
        "quart": 8604884157,
        "lock": 7245779766,
        "credibility": 6684299808,
        "schema": 8218713829,
        "marriage": 5136568891,
        "map": 5815680095,
        "cycle": 7192328405
    },
    {
        "quart": 3928578598,
        "lock": 7748480656,
        "credibility": 871768219,
        "schema": 5629792234,
        "marriage": 421508371,
        "map": 5266012619,
        "cycle": 8616866614
    },
    {
        "quart": 3812404154,
        "lock": 8180368087,
        "credibility": 4228404201,
        "schema": 4430496560,
        "marriage": 8301533764,
        "map": 3800596315,
        "cycle": 454916358
    },
    {
        "quart": 4588236690,
        "lock": 9439842641,
        "credibility": 3542842562,
        "schema": 9465369843,
        "marriage": 7835588223,
        "map": 303616873,
        "cycle": 7239574760
    },
    {
        "quart": 3503921998,
        "lock": 6100114507,
        "credibility": 2322993574,
        "schema": 1312988780,
        "marriage": 3256995284,
        "map": 2001040163,
        "cycle": 5918419648
    },
    {
        "quart": 4333304847,
        "lock": 5527003151,
        "credibility": 8595074234,
        "schema": 5190940572,
        "marriage": 6016413970,
        "map": 2241888195,
        "cycle": 3635661602
    },
    {
        "quart": 1887590151,
        "lock": 5516448554,
        "credibility": 4894849330,
        "schema": 9748296382,
        "marriage": 4483516158,
        "map": 4121937831,
        "cycle": 8382049939
    },
    {
        "quart": 7932684070,
        "lock": 1167424349,
        "credibility": 2347859996,
        "schema": 747073083,
        "marriage": 799297816,
        "map": 3759694812,
        "cycle": 3723141991
    },
    {
        "quart": 6885306887,
        "lock": 122997302,
        "credibility": 8863690496,
        "schema": 4276952317,
        "marriage": 9185654708,
        "map": 7461616732,
        "cycle": 1286508552
    },
    {
        "quart": 9934706539,
        "lock": 2774793838,
        "credibility": 5072061108,
        "schema": 5337052450,
        "marriage": 1189390851,
        "map": 1153553372,
        "cycle": 124754041
    },
    {
        "quart": 3948999517,
        "lock": 2872682351,
        "credibility": 1773620452,
        "schema": 6359274108,
        "marriage": 1640375906,
        "map": 9938117669,
        "cycle": 2887945215
    },
    {
        "quart": 4318849961,
        "lock": 6003417871,
        "credibility": 8940019696,
        "schema": 650818990,
        "marriage": 834307321,
        "map": 5037945723,
        "cycle": 1836835767
    },
    {
        "quart": 5254999413,
        "lock": 359228497,
        "credibility": 7154456990,
        "schema": 1667932458,
        "marriage": 2533127737,
        "map": 8859072037,
        "cycle": 7671224696
    },
    {
        "quart": 5593338357,
        "lock": 3014656645,
        "credibility": 3953458671,
        "schema": 1145892525,
        "marriage": 8089618157,
        "map": 8148286615,
        "cycle": 5698549491
    },
    {
        "quart": 5578683452,
        "lock": 5025872458,
        "credibility": 6115512881,
        "schema": 1197830536,
        "marriage": 880115572,
        "map": 3286649603,
        "cycle": 22128631
    },
    {
        "quart": 8538103837,
        "lock": 9585521527,
        "credibility": 7096111244,
        "schema": 2153157047,
        "marriage": 7210364223,
        "map": 9967243204,
        "cycle": 8978278733
    },
    {
        "quart": 2540342903,
        "lock": 2032629035,
        "credibility": 3667669892,
        "schema": 2524740072,
        "marriage": 6938811669,
        "map": 5243483600,
        "cycle": 5333411612
    },
    {
        "quart": 7961711630,
        "lock": 4242646417,
        "credibility": 8565105,
        "schema": 9702183016,
        "marriage": 235422253,
        "map": 6823823510,
        "cycle": 1820309623
    },
    {
        "quart": 7618965253,
        "lock": 6780186808,
        "credibility": 1132065469,
        "schema": 9303322041,
        "marriage": 7852783746,
        "map": 2731492468,
        "cycle": 9583668313
    },
    {
        "quart": 6377772477,
        "lock": 6003147967,
        "credibility": 6216236011,
        "schema": 8223061271,
        "marriage": 5444282685,
        "map": 6192268976,
        "cycle": 4243076374
    },
    {
        "quart": 2278856279,
        "lock": 6580575220,
        "credibility": 9005591446,
        "schema": 7311562884,
        "marriage": 2992602449,
        "map": 9865561508,
        "cycle": 5528916379
    },
    {
        "quart": 3016228005,
        "lock": 3629082122,
        "credibility": 1833564480,
        "schema": 5303576468,
        "marriage": 570775661,
        "map": 9675983936,
        "cycle": 5048089060
    },
    {
        "quart": 2470431512,
        "lock": 7033067376,
        "credibility": 5560361126,
        "schema": 7570260957,
        "marriage": 326322796,
        "map": 9857379818,
        "cycle": 8611356821
    },
    {
        "quart": 4887359855,
        "lock": 4653682911,
        "credibility": 5261918684,
        "schema": 5543320607,
        "marriage": 3651595712,
        "map": 402820478,
        "cycle": 3710482649
    },
    {
        "quart": 1595623437,
        "lock": 9145865092,
        "credibility": 9501523194,
        "schema": 2122409364,
        "marriage": 3369731472,
        "map": 7271547793,
        "cycle": 6829282404
    },
    {
        "quart": 1734702983,
        "lock": 7701993245,
        "credibility": 4398493785,
        "schema": 7524597205,
        "marriage": 7363769107,
        "map": 4774191473,
        "cycle": 5148482397
    },
    {
        "quart": 6506066923,
        "lock": 7263702713,
        "credibility": 8508760834,
        "schema": 6961216806,
        "marriage": 4200530061,
        "map": 2376949978,
        "cycle": 4428371494
    },
    {
        "quart": 4368999875,
        "lock": 5933289952,
        "credibility": 2663405128,
        "schema": 8468378994,
        "marriage": 8197096887,
        "map": 7571656008,
        "cycle": 9246785627
    },
    {
        "quart": 6515367925,
        "lock": 8281889563,
        "credibility": 2891157605,
        "schema": 4753332019,
        "marriage": 9932966605,
        "map": 7863325528,
        "cycle": 8938027509
    },
    {
        "quart": 9268573926,
        "lock": 2778044226,
        "credibility": 8177061458,
        "schema": 5687000728,
        "marriage": 2119515186,
        "map": 357096027,
        "cycle": 9341760250
    },
    {
        "quart": 2654805572,
        "lock": 1762911251,
        "credibility": 1186524492,
        "schema": 9594587808,
        "marriage": 6602971421,
        "map": 5921322960,
        "cycle": 8122126339
    },
    {
        "quart": 3202011380,
        "lock": 5619858769,
        "credibility": 3272608975,
        "schema": 4533965548,
        "marriage": 6782419374,
        "map": 1119323615,
        "cycle": 3692688721
    },
    {
        "quart": 2943332582,
        "lock": 5141199541,
        "credibility": 2175521590,
        "schema": 2553287190,
        "marriage": 6632270035,
        "map": 2348924251,
        "cycle": 6940011848
    },
    {
        "quart": 7584662515,
        "lock": 5361411048,
        "credibility": 7805910283,
        "schema": 9579636781,
        "marriage": 8610670641,
        "map": 7559011518,
        "cycle": 4187376907
    },
    {
        "quart": 9797498594,
        "lock": 7413510292,
        "credibility": 547628882,
        "schema": 7003054831,
        "marriage": 6764832793,
        "map": 8263333293,
        "cycle": 7837684348
    },
    {
        "quart": 2111133565,
        "lock": 5629217264,
        "credibility": 4430757086,
        "schema": 8227308777,
        "marriage": 5579201994,
        "map": 2583067801,
        "cycle": 5836783471
    },
    {
        "quart": 9889308827,
        "lock": 3826943058,
        "credibility": 6186814592,
        "schema": 9420988120,
        "marriage": 3723448829,
        "map": 155865503,
        "cycle": 6377410756
    },
    {
        "quart": 4331940825,
        "lock": 2440504080,
        "credibility": 2295788391,
        "schema": 8196144919,
        "marriage": 3878731762,
        "map": 6305409738,
        "cycle": 8086854467
    },
    {
        "quart": 2651190315,
        "lock": 893181380,
        "credibility": 9699395213,
        "schema": 7211788672,
        "marriage": 3689490612,
        "map": 1596133434,
        "cycle": 652755843
    },
    {
        "quart": 746788135,
        "lock": 1509694457,
        "credibility": 4691991433,
        "schema": 8403980758,
        "marriage": 5343620025,
        "map": 6729534564,
        "cycle": 4677841351
    },
    {
        "quart": 3234703149,
        "lock": 2429547503,
        "credibility": 6677284402,
        "schema": 8248449124,
        "marriage": 5383383182,
        "map": 9751046177,
        "cycle": 6107824089
    },
    {
        "quart": 38070746,
        "lock": 8831110406,
        "credibility": 7205556936,
        "schema": 2525270178,
        "marriage": 4894000338,
        "map": 6448005184,
        "cycle": 1171743865
    },
    {
        "quart": 3767263214,
        "lock": 9395959301,
        "credibility": 9873478334,
        "schema": 5170509829,
        "marriage": 6291068080,
        "map": 5992066041,
        "cycle": 39041962
    },
    {
        "quart": 3084154755,
        "lock": 5415249551,
        "credibility": 4346254968,
        "schema": 9792833524,
        "marriage": 2483768644,
        "map": 5631993874,
        "cycle": 8637422808
    },
    {
        "quart": 1201525090,
        "lock": 8116131879,
        "credibility": 2881486732,
        "schema": 2266991040,
        "marriage": 9091276855,
        "map": 925569050,
        "cycle": 771299605
    },
    {
        "quart": 5796894077,
        "lock": 3948511230,
        "credibility": 890667748,
        "schema": 3718554331,
        "marriage": 1238229477,
        "map": 9467437754,
        "cycle": 1684696732
    },
    {
        "quart": 4056923450,
        "lock": 8237706591,
        "credibility": 4902660260,
        "schema": 1590373024,
        "marriage": 2681370156,
        "map": 5464612839,
        "cycle": 550970586
    },
    {
        "quart": 4727887504,
        "lock": 3040057611,
        "credibility": 1332905471,
        "schema": 8546268053,
        "marriage": 590957291,
        "map": 5879917187,
        "cycle": 7554348607
    },
    {
        "quart": 64316047,
        "lock": 1401979155,
        "credibility": 641351807,
        "schema": 2513106288,
        "marriage": 4377584604,
        "map": 5847408378,
        "cycle": 41042251
    },
    {
        "quart": 3522340394,
        "lock": 4736108526,
        "credibility": 7633815536,
        "schema": 2797286529,
        "marriage": 6184986837,
        "map": 6124484139,
        "cycle": 3176460771
    },
    {
        "quart": 4085438638,
        "lock": 4468134330,
        "credibility": 6735106353,
        "schema": 681565355,
        "marriage": 8945485682,
        "map": 9358392396,
        "cycle": 6603423627
    },
    {
        "quart": 6677705420,
        "lock": 1279872697,
        "credibility": 8575749582,
        "schema": 6239632310,
        "marriage": 5775389418,
        "map": 2242024650,
        "cycle": 4561835404
    },
    {
        "quart": 3896902660,
        "lock": 9247828471,
        "credibility": 2114441732,
        "schema": 4075957364,
        "marriage": 854688470,
        "map": 3000964985,
        "cycle": 8372819494
    },
    {
        "quart": 1403598934,
        "lock": 6631119319,
        "credibility": 7715893258,
        "schema": 7933970923,
        "marriage": 5202321808,
        "map": 1502347779,
        "cycle": 1341774328
    },
    {
        "quart": 6915851478,
        "lock": 3686969215,
        "credibility": 1815195807,
        "schema": 9042626406,
        "marriage": 8501892672,
        "map": 4491209253,
        "cycle": 8762883298
    },
    {
        "quart": 7792206947,
        "lock": 5793215383,
        "credibility": 8650589029,
        "schema": 5630572082,
        "marriage": 4618061394,
        "map": 5433962538,
        "cycle": 7538253281
    },
    {
        "quart": 8970175537,
        "lock": 3639427582,
        "credibility": 7863530843,
        "schema": 5326514386,
        "marriage": 8036830086,
        "map": 3310977986,
        "cycle": 750615713
    },
    {
        "quart": 162140156,
        "lock": 7136170364,
        "credibility": 7363065768,
        "schema": 7063050759,
        "marriage": 3594110624,
        "map": 4364770278,
        "cycle": 5069081574
    },
    {
        "quart": 2167834653,
        "lock": 5627624150,
        "credibility": 6282071879,
        "schema": 4352974247,
        "marriage": 8499801176,
        "map": 6496501311,
        "cycle": 9728921003
    },
    {
        "quart": 6153446280,
        "lock": 1698626731,
        "credibility": 3352306119,
        "schema": 1806455752,
        "marriage": 3628970657,
        "map": 7417321645,
        "cycle": 5058989415
    },
    {
        "quart": 9935614684,
        "lock": 1774562145,
        "credibility": 7275203110,
        "schema": 426746159,
        "marriage": 7499734089,
        "map": 6282867959,
        "cycle": 1324733332
    },
    {
        "quart": 7036546893,
        "lock": 9019040629,
        "credibility": 896521241,
        "schema": 5665371611,
        "marriage": 2035701906,
        "map": 8705345302,
        "cycle": 7793268045
    },
    {
        "quart": 3276227417,
        "lock": 4315313187,
        "credibility": 3578104889,
        "schema": 1402983032,
        "marriage": 4839862441,
        "map": 8613851767,
        "cycle": 7491473593
    },
    {
        "quart": 471191774,
        "lock": 7069845975,
        "credibility": 5922923784,
        "schema": 5562698906,
        "marriage": 3128366445,
        "map": 9139106025,
        "cycle": 923756556
    },
    {
        "quart": 3853235359,
        "lock": 6874715265,
        "credibility": 7440224218,
        "schema": 1247223699,
        "marriage": 1660212953,
        "map": 7463747282,
        "cycle": 7944512540
    },
    {
        "quart": 8248234880,
        "lock": 3692211965,
        "credibility": 3010325099,
        "schema": 7140410601,
        "marriage": 3139147968,
        "map": 6719441202,
        "cycle": 2039827001
    },
    {
        "quart": 1847865015,
        "lock": 1160419206,
        "credibility": 7516701515,
        "schema": 7846872050,
        "marriage": 2200242155,
        "map": 3219071133,
        "cycle": 7699089947
    }
]