{
  "illo": {
    "error": {
      "officia": "Nihil fugit expedita illum vitae illum esse ex placeat placeat.",
      "sit": "Perferendis iusto nemo recusandae totam eius placeat impedit."
    }
  },
  "omnis": {
    "eum": {
      "eos": "Consequatur enim voluptate in iste sunt tenetur unde.",
      "temporibus": "Hic in voluptatem."
    }
  },
  "quo": {
    "facilis": {
      "laudantium": "Dignissimos rem veniam ab pariatur occaecati laudantium.",
      "modi": "Quisquam neque pariatur omnis culpa eligendi culpa culpa architecto."
    },
    "officia": {
      "sit": "Expedita assumenda delectus cum maiores ex enim placeat.",
      "veniam": "Ipsum nam quo sapiente."
    }
  }
}