Item,Value(Gold Drakes)
Elegant Plastic Tuna,640.05
Elegant Fresh Shoes,877.36
Refined Metal Gloves,793.22
Fantastic Cotton Chips,3.32
Handcrafted Metal Cheese,129.47
Gorgeous Steel Keyboard,644.78
Awesome Concrete Ball,743.52
Modern Granite Chair,332.68
Small Fresh Mouse,166.87
Oriental Bronze Bike,861.37
Awesome Rubber Soap,614.97
Awesome Granite Towels,327.39
Practical Rubber Salad,25.58
Oriental Metal Computer,353.56
Handcrafted Bronze Shirt,48.48
Unbranded Plastic Chair,466.85
Gorgeous Fresh Bike,306.92
Bespoke Rubber Pizza,683.55
Rustic Fresh Salad,181.38
Incredible Plastic Table,64.58
Incredible Frozen Pants,225.9
Incredible Rubber Hat,499.69
Gorgeous Fresh Pizza,912.05
Refined Cotton Cheese,116.79
Modern Cotton Car,913.82