Item,Value(Gold Drakes)
Tasty Bronze Shirt,197.53
Tasty Fresh Computer,215.62
Oriental Fresh Shoes,325.42
Tasty Rubber Cheese,107.21
Practical Rubber Table,892.13
Rustic Concrete Chips,555.41
Luxurious Soft Pants,190.11
Tasty Wooden Keyboard,198.71
Unbranded Granite Chicken,687.83
Handmade Bronze Chair,400.11
Awesome Granite Shoes,397.41
Recycled Soft Hat,119.05
Unbranded Wooden Soap,861.24
Small Steel Towels,5.91
Handcrafted Cotton Chair,161.61
Handmade Wooden Computer,610.92
Gorgeous Fresh Salad,125.45
Oriental Wooden Ball,352.45
Unbranded Bronze Pizza,248.21
Awesome Rubber Table,640.71
Rustic Frozen Chips,122.21
Awesome Rubber Keyboard,489.85