Item,Value(Gold Drakes)
Practical Granite Pizza,40.1
Awesome Plastic Bike,930.4
Licensed Frozen Shirt,699.41
Tasty Bronze Tuna,207.12
Gorgeous Rubber Ball,405.07
Incredible Metal Salad,33.71
Recycled Wooden Fish,588.37
Ergonomic Frozen Computer,617.09
Generic Wooden Chicken,860.37
Tasty Fresh Cheese,814.21
Oriental Frozen Car,426.04
Intelligent Soft Chicken,768.62
Tasty Granite Table,753.35
Generic Concrete Sausages,947.95
Unbranded Rubber Mouse,244.56
Recycled Fresh Soap,408.15
Refined Concrete Car,675.68
Generic Fresh Soap,336.83
Modern Soft Soap,551.55
Luxurious Plastic Gloves,220.72
Bespoke Rubber Mouse,955.28
Elegant Granite Sausages,576.48
Practical Concrete Hat,655.03