Item,Value(Gold Drakes)
Electronic Frozen Chair,3.83
Recycled Bronze Soap,918.38
Incredible Metal Shoes,995.8
Oriental Granite Salad,646.05
Rustic Plastic Towels,46.41
Awesome Bronze Sausages,201.44
Bespoke Soft Towels,856.52
Practical Plastic Table,85.04
Intelligent Bronze Cheese,627.66
Electronic Fresh Pants,943.71
Recycled Concrete Tuna,886.71
Tasty Plastic Car,150.54
Intelligent Soft Pants,442.92
Refined Wooden Bike,569.74
Luxurious Metal Hat,484.23
Sleek Cotton Keyboard,815
Incredible Bronze Bacon,965.01
Ergonomic Soft Table,74.08
Oriental Soft Car,591.52
Licensed Soft Car,957.92
Gorgeous Rubber Computer,442.93
Electronic Concrete Pizza,518.97