Item,Value(Gold Drakes)
Elegant Granite Salad,371.04
Fantastic Granite Towels,359.82
Rustic Fresh Ball,38.35
Electronic Concrete Shoes,588.89
Unbranded Steel Bacon,660.43
Sleek Plastic Fish,849.99
Modern Concrete Table,69.93
Bespoke Concrete Gloves,881.92
Elegant Frozen Cheese,757.95
Fantastic Rubber Mouse,745.04
Modern Concrete Hat,516.38
Modern Fresh Towels,363.68
Handmade Concrete Bike,406.27
Elegant Fresh Sausages,764.35
Tasty Bronze Table,652.95
Ergonomic Bronze Fish,777.18
Licensed Metal Sausages,818.46
Refined Granite Shoes,938.11
Licensed Soft Table,769.49
Sleek Cotton Cheese,21.61
Electronic Wooden Chicken,690.41