Item,Value(Gold Drakes)
Unbranded Bronze Shirt,84.28
Handcrafted Fresh Pizza,353.54
Luxurious Soft Bacon,404.09
Practical Bronze Computer,623.69
Generic Steel Tuna,570.83
Luxurious Frozen Sausages,936.68
Gorgeous Cotton Keyboard,576.54
Luxurious Metal Sausages,831.38
Rustic Frozen Car,363.99
Elegant Fresh Car,883.02
Gorgeous Fresh Shirt,812.1
Electronic Bronze Keyboard,797.45
Handmade Granite Bike,680.42
Sleek Soft Computer,72.56
Handcrafted Cotton Soap,720.28
Electronic Steel Pizza,979.38
Unbranded Concrete Tuna,141.26
Incredible Soft Bacon,830.07
Electronic Metal Shoes,437.41
Gorgeous Granite Gloves,405.07
Modern Soft Computer,975.67
Luxurious Granite Ball,309.27
Ergonomic Rubber Chips,190.88
Handcrafted Frozen Towels,909.07
Gorgeous Steel Chips,456.11
Licensed Bronze Gloves,237.45