Item,Value(Gold Drakes)
Bespoke Bronze Gloves,7.98
Bespoke Rubber Gloves,950.59
Intelligent Fresh Tuna,396.79
Gorgeous Wooden Fish,959.85
Bespoke Granite Mouse,150.6
Fantastic Cotton Bacon,27.57
Incredible Fresh Hat,329.78
Electronic Wooden Gloves,552.61
Gorgeous Metal Computer,932.28
Handmade Steel Keyboard,382.31
Unbranded Steel Cheese,959.76
Electronic Rubber Table,423.25
Awesome Fresh Bike,148.54
Fantastic Steel Gloves,915.35
Intelligent Metal Table,686.32
Elegant Fresh Chips,346.29
Licensed Metal Shoes,146.46
Luxurious Plastic Table,210.41
Oriental Wooden Shoes,565.01
Sleek Wooden Cheese,332.62
Oriental Fresh Soap,221.89