{
  "Nyah": "Provident mollitia laboriosam aliquid nisi aliquid occaecati quisquam vitae.",
  "Clementine": "Eligendi iste aliquid.",
  "Devan": "Rem ipsa nostrum officia laborum ut libero in ex esse.",
  "Kallie": "Veritatis accusantium illum aspernatur asperiores praesentium necessitatibus ab voluptas.",
  "Cleora": "Ea molestias eius et praesentium quod nihil nesciunt et similique.",
  "Jillian": "Voluptatem iure commodi aperiam corporis debitis vel optio fugit nobis.",
  "Christa": "Quisquam deleniti rerum ipsum.",
  "Naomie": "Assumenda consequuntur magni nostrum dolorem nam a qui.",
  "Scot": "Delectus asperiores exercitationem delectus officia.",
  "Lina": "Et aliquam ut nesciunt id.",
  "Javier": "Ea unde mollitia itaque cum at non porro.",
  "Davin": "Numquam optio labore et similique fuga provident vel neque.",
  "Casimir": "Consequuntur repellendus veritatis deleniti.",
  "Justice": "Nulla soluta nihil possimus facere quaerat consectetur expedita nulla cum.",
  "Korey": "Inventore vel sunt cupiditate minima.",
  "Madelyn": "Iste quam architecto officiis explicabo esse beatae quae.",
  "Amiya": "Optio exercitationem in repudiandae corrupti dolores asperiores libero.",
  "Kristin": "Cum ipsam dignissimos quis quo aspernatur accusamus quae eveniet.",
  "Simone": "Suscipit officia dignissimos corporis fugiat dolore natus officia doloribus nulla.",
  "Sierra": "Ipsa totam deleniti maxime dolorem quia magni quidem.",
  "Haskell": "Ab cumque beatae eveniet recusandae omnis aliquam voluptates.",
  "Palma": "Natus ducimus nemo fugiat odio quo."
}
