<?xml version="1.0" encoding="UTF-8"?>
<module type="JAVA_MODULE" version="4">
  <component name="FacetManager">
    <facet type="web" name="Web">
      <configuration>
        <descriptors>
          <deploymentDescriptor name="web.xml" url="file://$MODULE_DIR$/web/WEB-INF/web.xml" />
        </descriptors>
        <webroots>
          <root url="file://$MODULE_DIR$/web" relative="/" />
        </webroots>
      </configuration>
    </facet>
  </component>
  <component name="NewModuleRootManager" inherit-compiler-output="true">
    <exclude-output />
    <content url="file://$MODULE_DIR$" />
    <orderEntry type="inheritedJdk" />
    <orderEntry type="sourceFolder" forTests="false" />
    <orderEntry type="library" scope="PROVIDED" name="Tomcat 7" level="application_server_libraries" />
  </component>
</module>