{
  "dead": "waterskiing",
  "future": "hardboard",
  "eponym": "injustice",
  "equality": "permit",
  "glove": "relaxation",
  "grasp": "liberty",
  "rider": "border",
  "opportunist": "baker",
  "stretch": "representative",
  "citizenship": "urge",
  "hide": "earring",
  "neighborhood": "patrolling",
  "cliff": "gradient",
  "water": "soy",
  "moment": "pharmacist",
  "chairperson": "brooch",
  "general": "lemonade",
  "anthropology": "broccoli",
  "sunglasses": "blog",
  "drapes": "semicolon",
  "eyelids": "mound",
  "termite": "evaporation",
  "lentil": "subsidence",
  "gun": "bridge",
  "arrival": "semantics",
  "electronics": "eurocentrism",
  "orient": "herb",
  "bran": "assembly",
  "boon": "bugle",
  "reduction": "raven",
  "viola": "story",
  "status": "pattern",
  "pop": "ecclesia",
  "shore": "suit",
  "overshoot": "testimonial",
  "petal": "delight",
  "subtitle": "kebab",
  "labourer": "wool",
  "eligibility": "answer",
  "pagan": "rotation",
  "prisoner": "rhubarb",
  "guerrilla": "virtue",
  "tear": "hospitalization",
  "notion": "health",
  "science": "binoculars",
  "labor": "handle",
  "policeman": "boxer",
  "party": "uplift",
  "osprey": "end",
  "medal": "iris",
  "examination": "civilian",
  "welcome": "anniversary",
  "friction": "paddle",
  "bongo": "seizure",
  "peer-to-peer": "ninja",
  "contrast": "item",
  "lifetime": "blanket",
  "bowling": "legislation",
  "scrambled": "tusk",
  "tire": "broom",
  "hydrolyze": "fit",
  "nougat": "constitution",
  "storey": "sparrow",
  "pilgrimage": "quotation",
  "skyscraper": "canvas",
  "sunbeam": "shopping",
  "eyelashes": "ketchup",
  "soup": "diction",
  "hash": "universe",
  "in-joke": "guy",
  "chart": "bassinet",
  "grand": "choker",
  "quality": "confidence",
  "barium": "glance",
  "bread": "knot",
  "hotel": "bond",
  "reporter": "spirit",
  "leprosy": "aftershave",
  "toot": "smoke",
  "jumper": "morsel",
  "wait": "deposition",
  "churn": "overcharge",
  "surname": "deformation",
  "netbook": "traditionalism",
  "breakthrough": "sweat",
  "storyboard": "speed",
  "appeal": "spy",
  "external": "banner",
  "excerpt": "declaration",
  "respect": "revenant",
  "fellow": "wok",
  "banker": "siding",
  "climate": "corsage",
  "sill": "ferryboat",
  "hummus": "major",
  "slot": "trial",
  "mop": "trouble",
  "vitamin": "breadfruit",
  "hardship": "shame",
  "brushfire": "vista",
  "sandal": "gravel",
  "factor": "parenting",
  "sleeping": "asset",
  "parent": "networking",
  "vaccine": "establishment",
  "ectodermal": "worm",
  "south": "bay",
  "infix": "delight",
  "problem": "tabernacle",
  "quit": "career",
  "puppy": "clove",
  "print": "mesenchyme",
  "sum": "tile",
  "pride": "sequence",
  "rite": "parent"
}