{
  "armadillo": "salsa",
  "haversack": "cynic",
  "start": "particle",
  "injunction": "tray",
  "constellation": "rubbish",
  "havoc": "string",
  "cupboard": "goose",
  "bull": "haze",
  "tambourine": "running",
  "emery": "green",
  "diabetes": "lift",
  "decade": "postbox",
  "reference": "excitement",
  "missile": "dory",
  "pug": "demur",
  "tip": "whirlpool",
  "oats": "modem",
  "neuropathologist": "reef",
  "poem": "thyme",
  "tog": "trick",
  "shoot": "kick",
  "mastication": "entree",
  "dashboard": "payment",
  "neon": "mission",
  "invoice": "proprietor",
  "safari": "neuron",
  "greens": "stall",
  "clergyman": "offense",
  "offering": "velvet",
  "depth": "recipe",
  "set": "inclusion",
  "wetland": "way",
  "termite": "gemsbok",
  "commotion": "effort",
  "switch": "hit",
  "whip": "sandpaper",
  "trellis": "mandarin",
  "snuck": "pence",
  "porch": "fritter",
  "pasta": "oven",
  "apple": "mouser",
  "sister": "stock",
  "fantasy": "parole",
  "woman": "photoreceptor",
  "glasses": "pronoun",
  "gas": "rhyme",
  "therapist": "memo",
  "sunday": "north",
  "river": "cope",
  "corsage": "surname",
  "reprocessing": "discipline",
  "oxford": "grassland",
  "toothpaste": "everything",
  "godparent": "expense",
  "construction": "town",
  "hummus": "advertising",
  "morbidity": "brace",
  "synergy": "screw",
  "duffel": "hype",
  "bid": "mascara",
  "compassion": "setting",
  "condition": "management",
  "fanlight": "nourishment",
  "kill": "assembly",
  "apartment": "poet",
  "pregnancy": "sauerkraut",
  "proximity": "brace",
  "subconscious": "sunshine",
  "context": "omnivore",
  "feedback": "instant",
  "underwriting": "experience",
  "marshland": "fallacy",
  "nuke": "steward",
  "hotdog": "curve",
  "normalization": "chapter",
  "recommendation": "go-kart",
  "exposure": "light",
  "prosecutor": "solidity",
  "list": "panpipe",
  "paddle": "technologist",
  "escape": "continuity",
  "cocktail": "document",
  "strap": "duel",
  "rail": "med",
  "overcoat": "gutter",
  "dynasty": "effect",
  "concern": "pastry",
  "stack": "inn",
  "journalist": "lawyer",
  "filly": "marathon",
  "step-mother": "sunflower",
  "quarter": "outfielder",
  "outset": "suppression",
  "eraser": "moat",
  "west": "writing",
  "sushi": "resistance",
  "consumption": "colt",
  "pony": "assembly",
  "boxspring": "sound",
  "sprat": "marksman",
  "catastrophe": "photography",
  "moose": "patrol",
  "sarong": "correspondent",
  "people": "secretary",
  "self-confidence": "multimedia",
  "jellybeans": "soybean",
  "gauge": "university",
  "veldt": "porcupine",
  "potential": "bell",
  "design": "course",
  "imbalance": "gauntlet",
  "swimsuit": "dinghy",
  "pharmacist": "chance",
  "takeover": "actress"
}