Item,Value(Gold Drakes)
Modern Cotton Tuna,323.28
Oriental Rubber Bacon,324.06
Ergonomic Rubber Pants,479
Refined Granite Bike,990.41
Handmade Wooden Pants,494.79
Awesome Rubber Table,158.24
Generic Wooden Chips,736.37
Oriental Cotton Shirt,138.71
Intelligent Plastic Chips,190.47
Intelligent Metal Pizza,659.49
Unbranded Granite Bike,215.47
Awesome Fresh Car,394
Intelligent Plastic Chicken,600.81
Incredible Steel Tuna,674.29
Tasty Soft Cheese,969.98
Rustic Bronze Shirt,519.05
Awesome Bronze Tuna,398.71
Rustic Soft Hat,854.84
Tasty Granite Chair,938.04
Handcrafted Plastic Mouse,692.08
Rustic Fresh Bacon,236.03
Gorgeous Frozen Bike,843.58
Intelligent Soft Chair,28.73
Gorgeous Cotton Pizza,144.48
Awesome Soft Cheese,566.19