Item,Value(Gold Drakes)
Fantastic Plastic Bike,236.86
Bespoke Metal Bacon,697.66
Handmade Wooden Mouse,301.78
Rustic Soft Chips,705.11
Small Rubber Sausages,270.8
Handcrafted Soft Table,287.98
Fantastic Wooden Gloves,525.75
Modern Cotton Tuna,495.46
Awesome Soft Car,351.53
Licensed Bronze Chicken,694.82
Rustic Plastic Fish,942.99
Practical Wooden Soap,876.6
Gorgeous Steel Chips,36.09
Recycled Concrete Bacon,579.94
Tasty Metal Bike,89.16
Practical Fresh Fish,937.62
Electronic Wooden Keyboard,492.94
Bespoke Granite Bike,989.13
Unbranded Plastic Ball,671.81
Bespoke Metal Chair,508.28
Licensed Steel Shoes,676.08
Generic Soft Gloves,517.78
Tasty Rubber Bike,941.41
Tasty Rubber Shoes,924.1
Ergonomic Metal Bike,589.5
Elegant Plastic Fish,968.8
Tasty Wooden Tuna,398.98