Item,Value(Gold Drakes)
Fantastic Cotton Tuna,366.66
Elegant Soft Gloves,684.5
Rustic Steel Mouse,627.38
Awesome Soft Fish,181.72
Small Bronze Computer,701.73
Refined Metal Pants,638.29
Licensed Rubber Fish,854.72
Unbranded Soft Shirt,337.58
Licensed Fresh Ball,795.26
Modern Rubber Shirt,915.78
Fantastic Concrete Pizza,506.81
Oriental Cotton Car,798.54
Handmade Frozen Pants,776.47
Tasty Concrete Bike,798.45
Fantastic Granite Computer,290.85
Luxurious Rubber Gloves,900.55
Tasty Cotton Pizza,260.8
Luxurious Plastic Keyboard,837
Modern Steel Car,285.56
Handcrafted Steel Sausages,748.97
Bespoke Plastic Chicken,216.88
Intelligent Steel Table,474.12
Small Metal Salad,879.03
Ergonomic Frozen Salad,440.24