{
  "nemo": {
    "debitis": {
      "dolore": "Quam magnam doloribus rem.",
      "repudiandae": "At asperiores consequatur quo vero.",
      "inventore": "Ut necessitatibus cumque beatae."
    }
  },
  "consectetur": {
    "repellat": {
      "molestias": "Rem placeat corporis eaque inventore."
    },
    "alias": {
      "accusamus": "Expedita ratione magni.",
      "nisi": "Commodi alias beatae voluptatibus.",
      "possimus": "Quasi nesciunt eligendi.",
      "quaerat": "Ad rerum doloribus commodi sit corporis."
    }
  },
  "quod": {
    "iste": {
      "quod": "Ipsam voluptate rem beatae praesentium."
    },
    "placeat": {
      "optio": "Impedit eum repellendus repellendus.",
      "excepturi": "Nam praesentium dolores reiciendis deserunt sequi cumque alias temporibus.",
      "earum": "Dicta sed vero accusantium molestias tempora sed ab quisquam."
    }
  },
  "omnis": {
    "quaerat": {
      "asperiores": "Nam commodi occaecati inventore.",
      "fugiat": "Ab eos enim consequatur suscipit optio deserunt ab."
    },
    "optio": {
      "perspiciatis": "Enim facere nostrum debitis deleniti.",
      "neque": "Doloremque quis accusamus quae debitis tempora.",
      "perferendis": "Fugiat ipsa dolor earum."
    }
  }
}