Item,Value(Gold Drakes)
Recycled Rubber Fish,4.46
Ergonomic Concrete Computer,772.72
Sleek Fresh Ball,157.79
Gorgeous Steel Shoes,279.97
Small Fresh Towels,985.2
Awesome Metal Ball,21
Unbranded Rubber Pizza,591.06
Ergonomic Granite Pizza,311.91
Electronic Cotton Towels,267.15
Unbranded Soft Shoes,162.68
Luxurious Steel Cheese,686.85
Sleek Soft Bacon,49.08
Bespoke Soft Fish,756.26
Elegant Concrete Computer,839.86
Rustic Cotton Keyboard,942.61
Recycled Rubber Hat,690.16
Ergonomic Fresh Pizza,199.33
Unbranded Metal Fish,899.59
Fantastic Plastic Gloves,528.7
Practical Frozen Fish,132.11
Electronic Soft Chips,216.3
Electronic Frozen Gloves,366.5
Handcrafted Bronze Mouse,14.04
Small Fresh Pizza,619.77
Ergonomic Plastic Car,7.4