Item,Value(Gold Drakes)
Elegant Metal Bacon,150.22
Incredible Plastic Shirt,258.53
Modern Wooden Shoes,917.77
Fantastic Rubber Tuna,14.19
Practical Steel Cheese,533.47
Luxurious Bronze Ball,396.97
Rustic Wooden Pants,336.46
Licensed Frozen Salad,338.03
Intelligent Rubber Shoes,882.71
Refined Cotton Chips,291.65
Tasty Steel Salad,240.5
Rustic Metal Car,737.19
Bespoke Steel Bacon,940.68
Bespoke Bronze Chair,761.16
Fantastic Metal Shirt,548.77
Incredible Metal Ball,64.41
Electronic Granite Chips,390.9
Recycled Wooden Car,396.69
Licensed Plastic Chair,823.44
Licensed Bronze Bike,253.46
Small Granite Hat,823.75
Bespoke Concrete Chicken,615.96