{
  "eternity": "flugelhorn",
  "academy": "quarter",
  "anorak": "kielbasa",
  "everything": "peripheral",
  "underwear": "lysine",
  "optimization": "rod",
  "seaplane": "tights",
  "heart-throb": "query",
  "detainee": "clove",
  "bagpipe": "death",
  "government": "canvas",
  "moustache": "greenhouse",
  "collaboration": "lasagna",
  "tweezers": "motive",
  "statistics": "volunteering",
  "monger": "factor",
  "ecumenist": "waterwheel",
  "impropriety": "fresco",
  "local": "millimeter",
  "gas": "account",
  "harp": "koala",
  "consciousness": "node",
  "fuel": "hope",
  "autumn": "signature",
  "heartwood": "hobbit",
  "produce": "death",
  "bottom": "step-aunt",
  "record": "dilution",
  "baggie": "turmeric",
  "curler": "handball",
  "graph": "nation",
  "vendor": "chaos",
  "motorcar": "globe",
  "wind": "shakedown",
  "derrick": "tile",
  "beginner": "tatami",
  "towel": "rostrum",
  "waffle": "endorsement",
  "gratitude": "sprag",
  "colonisation": "official",
  "spouse": "semicircle",
  "troop": "defense",
  "training": "fritter",
  "jewellery": "victim",
  "stonework": "heavy",
  "ruby": "salad",
  "crunch": "adult",
  "session": "salad",
  "eaves": "dresser",
  "beggar": "fortune",
  "strip": "handsaw",
  "loading": "legend",
  "rebel": "drake",
  "hurt": "rescue",
  "volunteer": "establishment",
  "ringworm": "hermit",
  "niece": "electricity",
  "strand": "format",
  "talk": "clerk",
  "kitchen": "initiative",
  "dinner": "report",
  "tunic": "thong",
  "hectare": "lion",
  "necessity": "supreme",
  "blossom": "episode",
  "cygnet": "original",
  "fighter": "underweight",
  "metallurgist": "step-daughter",
  "pipeline": "step-grandmother",
  "amazement": "bedroom",
  "airman": "dinosaur",
  "appetizer": "cough",
  "flytrap": "spawn",
  "dividend": "representation",
  "scale": "windage",
  "backyard": "midline",
  "festival": "vaulting",
  "anesthesiologist": "somebody",
  "crusader": "success",
  "bonfire": "bedrock",
  "brochure": "neuropathologist",
  "butane": "ordination",
  "revelation": "complication",
  "stage": "downstairs",
  "toffee": "liquor",
  "aquarium": "gown",
  "citizen": "leader",
  "glimpse": "cry",
  "danger": "llama",
  "rectangle": "atrium",
  "time": "alloy",
  "comeback": "parenting",
  "eye": "airmail",
  "joint": "catamaran",
  "broom": "medium",
  "rambler": "purchase",
  "chimpanzee": "prosecutor",
  "accessory": "sombrero",
  "norm": "scallops",
  "arthur": "fluke",
  "force": "flute",
  "cheek": "seal",
  "airbag": "worth",
  "pipe": "digestive",
  "nightclub": "kindness",
  "prevalence": "trapezium",
  "lime": "defendant",
  "upgrade": "steam"
}