{
  "vogue": "thumb",
  "leader": "dig",
  "testing": "fiery",
  "ischemia": "footstep",
  "initial": "guerrilla",
  "mallard": "medicine",
  "mantle": "ability",
  "venom": "ice",
  "oyster": "sonata",
  "coffin": "reluctance",
  "song": "hiring",
  "decline": "souvenir",
  "pepperoni": "urge",
  "content": "proponent",
  "gap": "purpose",
  "paw": "analgesia",
  "hedgehog": "pitcher",
  "mineshaft": "sister",
  "slang": "nougat",
  "councilperson": "tamale",
  "puppet": "ethnicity",
  "politics": "chemotaxis",
  "ideal": "corral",
  "floodplain": "pantology",
  "headphones": "neighbor",
  "innervation": "entrance",
  "lot": "instance",
  "hire": "nerve",
  "period": "goddess",
  "disadvantage": "flan",
  "instance": "surge",
  "coverall": "most",
  "analgesia": "flu",
  "condominium": "almighty",
  "pathology": "scow",
  "effectiveness": "saloon",
  "toy": "antiquity",
  "birthday": "former",
  "usher": "string",
  "circumference": "cranky",
  "ridge": "feature",
  "efficiency": "bellows",
  "precipitation": "aftermath",
  "soldier": "amount",
  "cough": "leeway",
  "spiritual": "cultivar",
  "congo": "semantics",
  "composition": "rethinking",
  "saw": "daylight",
  "tomato": "reservoir",
  "pickup": "automation",
  "lye": "vacation",
  "mule": "compost",
  "mutation": "fondue",
  "purchase": "deodorant",
  "mineral": "pillow",
  "yesterday": "squid",
  "deficit": "neon",
  "cyclone": "elimination",
  "plow": "neon",
  "robe": "reasoning",
  "entity": "vivo",
  "zoot-suit": "overcharge",
  "landmine": "forager",
  "anybody": "meaning",
  "wonder": "vaulting",
  "satire": "heating",
  "somewhere": "bondsman",
  "macrame": "touch",
  "hydrolyse": "bafflement",
  "desire": "recall",
  "almond": "toothpaste",
  "journey": "blush",
  "reluctance": "record",
  "vine": "workbench",
  "rhinoceros": "gossip",
  "nitrogen": "economy",
  "gymnastics": "cygnet",
  "conversion": "agent",
  "ant": "junk",
  "mast": "industrialization",
  "tomb": "scam",
  "wannabe": "conditioner",
  "doughnut": "minion",
  "generation": "bandolier",
  "golf": "negotiation",
  "person": "pat",
  "solidity": "median",
  "simplification": "flavor",
  "possibility": "chronograph",
  "bait": "change",
  "moose": "asymmetry",
  "collector": "vase",
  "expose": "smith",
  "weekender": "jail",
  "background": "effacement",
  "buckle": "forehead",
  "requirement": "shoat",
  "eyestrain": "acre",
  "beak": "warrant",
  "maintainer": "eyelid",
  "chrysalis": "outlaw",
  "molasses": "herring",
  "pursuit": "extent",
  "cria": "attack",
  "egg": "lap"
}