{"Lourdes":"Ad fugit veritatis odit quo dolor.","Betsy":"Sunt dolore laboriosam maxime vel vero vitae dolores occaecati vel.","Bridie":"Corrupti eius fugit odio maxime.","Emie":"A enim temporibus animi.","Rickie":"Eaque odit debitis hic nam maiores veritatis consequuntur architecto ipsam.","Lilla":"Provident minima placeat excepturi nam deserunt.","Loyce":"Fuga voluptatem reiciendis quam voluptatibus consequatur asperiores.","Roel":"Neque cumque dolor nihil consectetur officia suscipit eos consequuntur inventore.","Ibrahim":"Soluta nisi cum nesciunt unde.","Ashley":"Rerum expedita laudantium adipisci perspiciatis dolor.","Francesca":"Iste natus alias nihil saepe dolorum reprehenderit quas ad nesciunt.","Jairo":"Temporibus harum soluta.","Maybell":"Commodi consequuntur dolor laboriosam repellat dolore at dolor voluptatum optio.","Magali":"Consequuntur voluptate nulla soluta eum libero earum nihil hic aut.","Raina":"Ratione nobis debitis vitae quidem rerum excepturi veniam.","Okey":"Hic itaque amet id debitis accusamus aspernatur numquam quasi.","Elsie":"Ad provident ullam nisi officia deserunt ipsam necessitatibus minus nisi."}