{
  "Brady": "Aliquid non doloribus iusto hic labore exercitationem nihil omnis.",
  "Coy": "Eos natus qui sit quae vero fugit esse quidem.",
  "Margret": "Laudantium delectus magnam alias.",
  "Afton": "Exercitationem repellendus vitae.",
  "Antoinette": "Laudantium explicabo tenetur magnam soluta.",
  "Jennings": "Temporibus sint debitis praesentium similique harum.",
  "Meagan": "Quod recusandae explicabo aspernatur rerum adipisci deserunt magni eum.",
  "Liam": "Iure in illum hic illo quo id voluptas provident.",
  "Jarod": "Rem rerum magni distinctio libero nulla.",
  "Anita": "Omnis a labore neque blanditiis.",
  "Kirsten": "Quo dicta occaecati dignissimos voluptas cupiditate dolorem expedita quasi.",
  "Ken": "Distinctio distinctio est facere.",
  "Kaci": "Repudiandae vero quae eveniet explicabo.",
  "Caleb": "Omnis ipsum error.",
  "Raleigh": "Illo et perferendis facilis.",
  "Katelynn": "Doloribus at in optio nam rerum earum accusantium fuga.",
  "Karelle": "Aliquam mollitia enim consequuntur.",
  "Carmine": "Assumenda libero id nobis."
}
