{
  "cent": "secretary",
  "serum": "trafficker",
  "implement": "deficit",
  "blow": "pathogenesis",
  "book": "continent",
  "capability": "revenant",
  "shopping": "spyglass",
  "pray": "emanate",
  "swimming": "pantologist",
  "widget": "bulldozer",
  "rush": "tam-o'-shanter",
  "wit": "rat",
  "cartilage": "upgrade",
  "kingfish": "teller",
  "carrot": "mitten",
  "bronco": "mansard",
  "trim": "outfit",
  "empire": "skean",
  "quicksand": "spread",
  "temper": "forecast",
  "mule": "ephemeris",
  "ceramic": "pepperoni",
  "mate": "tick",
  "splendor": "tenant",
  "total": "stallion",
  "heart": "album",
  "wreck": "frock",
  "nail": "caviar",
  "size": "tights",
  "testament": "symptom",
  "wolf": "mezzanine",
  "downtown": "effacement",
  "duty": "restaurant",
  "temptress": "puppet",
  "littleneck": "pay",
  "target": "dolor",
  "surround": "month",
  "plea": "incidence",
  "dame": "scarf",
  "sanctity": "wren",
  "sculptural": "driveway",
  "resort": "pitcher",
  "standardisation": "loop",
  "outhouse": "root",
  "panther": "photo",
  "soccer": "pop",
  "blackfish": "face",
  "normal": "passenger",
  "repository": "diam",
  "intentionality": "pendant",
  "orchestra": "typhoon",
  "copywriter": "spine",
  "halibut": "toga",
  "hutch": "mayonnaise",
  "access": "probability",
  "pyramid": "guava",
  "documentary": "scope",
  "recapitulation": "constitution",
  "thrush": "training",
  "outfit": "pork",
  "jellyfish": "skin",
  "step-son": "mayonnaise",
  "cappuccino": "monkey",
  "produce": "dawn",
  "filter": "subroutine",
  "bottle": "greatness",
  "mansard": "capital",
  "ptarmigan": "bustle",
  "industrialization": "academics",
  "graduate": "classroom",
  "feature": "liner",
  "bacterium": "cupcake",
  "spat": "meatloaf",
  "rabbi": "prostanoid",
  "trash": "growth",
  "saffron": "class",
  "villa": "zoot-suit",
  "capitulation": "pleat",
  "satellite": "twins",
  "milestone": "cleat",
  "fence": "bacon",
  "music": "almighty",
  "layer": "gun",
  "chiffonier": "stepson",
  "bowler": "cacao",
  "hose": "starboard",
  "pasta": "bean",
  "cargo": "justification",
  "hammock": "diplomacy",
  "litter": "kidney",
  "manufacturer": "cruise",
  "subsidence": "decongestant",
  "pepper": "vegetarian",
  "reciprocity": "somewhere",
  "fashion": "rate",
  "minibus": "assessment",
  "tram": "eternity",
  "gym": "keyboarding",
  "steeple": "washtub",
  "vanadyl": "carol",
  "indicator": "bassoon",
  "sunday": "pie",
  "cofactor": "aftershock",
  "coat": "monitoring",
  "fugato": "spec",
  "clarity": "fatigues",
  "greenhouse": "tuba",
  "reverse": "dictaphone",
  "sponge": "centimeter",
  "pace": "most",
  "parsley": "appropriation",
  "whisper": "complex",
  "pupa": "beetle",
  "sari": "pantsuit",
  "ancestor": "sailing",
  "fillet": "hype"
}