{ "Paxton": "Error repellendus delectus odit doloremque adipisci.", "Cody": "Assumenda labore blanditiis.", "Keven": "Eligendi delectus saepe odio.", "Vena": "Earum dolorem aliquam fugiat at.", "Luther": "Eum provident reiciendis quis enim.", "Haylie": "Culpa minus maiores.", "Ashlynn": "Ex illo eum beatae nulla nostrum.", "Fernando": "Nam velit fuga.", "Prudence": "Voluptate debitis nesciunt nulla.", "Eladio": "In dignissimos laboriosam ex ex.", "Addison": "Voluptatibus totam illo porro libero odit vel quo.", "Florence": "Ducimus tempore consequatur ea enim dignissimos.", "Elissa": "Aut mollitia omnis ipsam.", "Clara": "Laborum voluptatem corrupti explicabo exercitationem totam quisquam.", "Zachariah": "Nesciunt eaque velit quisquam a quo qui expedita ipsam.", "Margarette": "Incidunt ducimus cumque consectetur sunt magni accusamus ullam rerum.", "Nicole": "Quibusdam quam eius sunt commodi expedita assumenda alias est aliquid.", "Sadie": "Dicta mollitia voluptate labore.", "Fern": "Suscipit delectus officia aliquid tempore iure magnam.", "Desiree": "Mollitia ipsum nulla ipsa recusandae.", "Urban": "Blanditiis enim placeat incidunt." }
