{
  "doloremque": {
    "corporis": {
      "consectetur": "Dolore eos fugiat quis beatae.",
      "expedita": "Perspiciatis unde ad."
    },
    "accusantium": {
      "autem": "Repellat eius illum autem expedita.",
      "illum": "Necessitatibus fugiat illo sed voluptas cum.",
      "ratione": "Magnam tenetur a deserunt."
    },
    "eaque": {
      "quasi": "Distinctio doloremque ipsa dolores eaque commodi deleniti reiciendis.",
      "fugiat": "Quae deleniti vel fugiat.",
      "distinctio": "Illum ratione id ut nostrum recusandae ipsa vero impedit.",
      "illum": "Voluptatum vitae excepturi aliquid sit."
    },
    "incidunt": {
      "fuga": "Repellat pariatur natus enim distinctio quae architecto tenetur deleniti."
    }
  },
  "repudiandae": {
    "labore": {
      "mollitia": "Qui nemo corrupti excepturi animi.",
      "minus": "Ipsa reiciendis doloremque nam neque vel.",
      "pariatur": "Architecto odit repudiandae facere."
    },
    "quisquam": {
      "in": "Aliquam eum labore commodi dolore voluptatibus magnam.",
      "sunt": "Magni dolorum cupiditate nostrum quibusdam illum doloribus aliquid ipsum nisi.",
      "nam": "Sint eligendi quos placeat labore doloremque iste cumque velit hic."
    },
    "repellat": {
      "vitae": "Totam vel perferendis nisi.",
      "repudiandae": "Deserunt repudiandae iste harum."
    }
  },
  "dignissimos": {
    "molestiae": {
      "velit": "Illum nemo eaque occaecati quo dolore.",
      "molestiae": "Harum ipsa nesciunt porro quasi quis alias dolores porro exercitationem."
    },
    "fuga": {
      "aut": "Omnis inventore occaecati tempore qui.",
      "similique": "Veniam consectetur porro cupiditate nemo.",
      "vero": "Consequuntur inventore maxime voluptatibus est rerum error aliquam."
    },
    "numquam": {
      "nemo": "Est odio maxime ut neque exercitationem.",
      "laborum": "Provident aperiam repudiandae porro harum natus hic nihil omnis."
    },
    "nihil": {
      "voluptatem": "Veritatis repellendus repudiandae.",
      "autem": "At natus eius non illo distinctio.",
      "architecto": "Nesciunt quod odit.",
      "voluptates": "At exercitationem fugit ea ipsum quod."
    }
  }
}