{
  "consequuntur": {
    "eveniet": {
      "nemo": "Earum officia laboriosam minima sapiente repellendus rerum eaque.",
      "expedita": "Perferendis veritatis cum molestias neque a ut veritatis."
    },
    "fugiat": {
      "doloribus": "Ad consectetur quibusdam repudiandae repellendus.",
      "iste": "Perspiciatis maiores iusto reprehenderit occaecati laboriosam repellat.",
      "ratione": "Adipisci perspiciatis corrupti minus corrupti."
    },
    "dolor": {
      "iste": "Magnam fugit est veritatis voluptatum reiciendis expedita.",
      "aperiam": "Doloribus atque accusamus dolores occaecati optio.",
      "nesciunt": "Ratione dolores corrupti eveniet eius impedit porro harum."
    }
  }
}