{
  "hazel": "hash",
  "mail": "deck",
  "lord": "reboot",
  "countryside": "rudiment",
  "speaker": "moth",
  "dead": "alibi",
  "ephemeris": "fibroblast",
  "consciousness": "wiseguy",
  "bookend": "detainment",
  "minute": "start",
  "radio": "circuit",
  "circumference": "tent",
  "sitar": "backpack",
  "doubling": "dispute",
  "tenth": "utility",
  "jalapeño": "outlay",
  "banker": "coordination",
  "quart": "gentleman",
  "industrialisation": "descendant",
  "funding": "cinnamon",
  "tank-top": "washbasin",
  "plunger": "alliance",
  "howard": "purchase",
  "diamond": "giggle",
  "read": "dragon",
  "well-being": "wasabi",
  "fail": "kitten",
  "possible": "clue",
  "waistband": "wren",
  "tankful": "pantsuit",
  "off-ramp": "curriculum",
  "counselling": "goddess",
  "therapy": "fedelini",
  "potential": "distortion",
  "slapstick": "syrup",
  "abdomen": "plover",
  "coffin": "diplomacy",
  "validate": "haze",
  "cut": "shrimp",
  "gymnastics": "spork",
  "outrun": "pressurization",
  "euphonium": "communion",
  "inverse": "guitar",
  "mozzarella": "daddy",
  "consensus": "reinscription",
  "eponym": "cold",
  "functionality": "sole",
  "spell": "angora",
  "shoreline": "take-out",
  "pitch": "opera",
  "size": "signal",
  "loan": "entertainment",
  "lumberman": "campus",
  "firm": "baby",
  "identification": "comprehension",
  "latter": "machinery",
  "bill": "broiler",
  "porcupine": "cricket",
  "tensor": "scrutiny",
  "array": "argument",
  "causeway": "veal",
  "anybody": "welfare",
  "inflation": "beck",
  "raise": "fireman",
  "ammunition": "tourism",
  "chimpanzee": "bullet",
  "hundred": "surfboard",
  "tilt": "spider",
  "thump": "bus",
  "forestry": "problem",
  "signify": "declaration",
  "deal": "spike",
  "tailor": "priest",
  "prospect": "golf",
  "truck": "towel",
  "culture": "ale",
  "tech": "album",
  "mansion": "doll",
  "blackboard": "work",
  "headlight": "scenario",
  "bronco": "kale",
  "ironclad": "ring",
  "commerce": "slider",
  "show-stopper": "sensitive",
  "statin": "octet",
  "egg": "collaboration",
  "generator": "vampire",
  "audience": "distance",
  "disposer": "design",
  "mangle": "optimal",
  "personal": "lament",
  "offset": "naturalisation",
  "deposition": "effect",
  "sanity": "sibling",
  "friendship": "horn",
  "administrator": "warfare",
  "author": "thermometer",
  "zinc": "baggage",
  "scenario": "chicken",
  "oven": "atmosphere",
  "plover": "rag",
  "geography": "driving"
}