{
  "bankbook": "slapstick",
  "computer": "security",
  "mini": "antechamber",
  "verdict": "stir-fry",
  "gaiters": "mat",
  "pathogenesis": "engagement",
  "senator": "shock",
  "numismatist": "villa",
  "supervisor": "installation",
  "interviewer": "reindeer",
  "element": "helium",
  "pan": "misfit",
  "darn": "capability",
  "disagreement": "ride",
  "caution": "snowplow",
  "tower": "story-telling",
  "satisfaction": "clarinet",
  "ratepayer": "stereo",
  "dose": "standardization",
  "detector": "anarchy",
  "polyester": "culture",
  "dip": "spec",
  "familiarity": "military",
  "committee": "vision",
  "conversation": "negotiation",
  "variable": "waiter",
  "crow": "family",
  "origin": "binoculars",
  "copying": "creativity",
  "reinscription": "caption",
  "nickname": "chamber",
  "tentacle": "nicety",
  "principal": "probability",
  "hut": "solidity",
  "consignment": "color",
  "brushing": "achievement",
  "entry": "personality",
  "figure": "victory",
  "skullduggery": "grandmom",
  "power": "plywood",
  "simplicity": "nun",
  "sailing": "abnormality",
  "nondisclosure": "discourse",
  "resource": "criterion",
  "pint": "visa",
  "hypochondria": "pinkie",
  "class": "singing",
  "roof": "player",
  "smell": "eyeglasses",
  "bourgeoisie": "knuckle",
  "subconscious": "delight",
  "coordination": "fee",
  "choir": "spelling",
  "babushka": "radio",
  "shootdown": "trunk",
  "orchid": "lord",
  "afterlife": "castanet",
  "shoe-horn": "tie",
  "temporariness": "tech",
  "chem": "antecedent",
  "apprehension": "spud",
  "clavicle": "urn",
  "level": "haunt",
  "fencing": "function",
  "intervention": "sardine",
  "disposition": "bed",
  "doc": "ovary",
  "legging": "pigsty",
  "branch": "trick",
  "hake": "eurocentrism",
  "estimate": "eve",
  "invention": "temporary",
  "rust": "hanger",
  "ore": "relative",
  "approach": "walking",
  "bubble": "carving",
  "cormorant": "inventory",
  "amazon": "invasion",
  "generator": "witch",
  "onion": "linguist",
  "son": "access",
  "fugato": "ban",
  "dory": "convertible",
  "understatement": "phenotype",
  "productivity": "analyst",
  "teen": "rancher",
  "definition": "shootdown",
  "gown": "chromolithograph",
  "saffron": "clarification",
  "rag": "pillar",
  "hatbox": "celery",
  "zoo": "mare",
  "TV": "silly",
  "pyridine": "reveal",
  "ease": "goodness",
  "gamebird": "award",
  "hydraulics": "enforcement",
  "mangle": "hospice",
  "residue": "discrimination",
  "environment": "rhubarb",
  "bump": "pup"
}